loss_avg;epoch;iteration;global_iteration
1.7283381223678589;0;1;1
2.071479558944702;0;2;2
1.981332540512085;0;3;3
2.6280786991119385;0;4;4
1.9824107885360718;0;5;5
2.3959217071533203;0;6;6
1.9634625911712646;0;7;7
1.6718082427978516;0;8;8
2.232783317565918;0;9;9
1.6618732213974;0;10;10
1.9025506973266602;0;11;11
1.5240013599395752;0;12;12
1.4788804054260254;0;13;13
1.6238279342651367;0;14;14
1.4389684200286865;0;15;15
1.5704814195632935;0;16;16
1.3361388444900513;0;17;17
1.159529685974121;0;18;18
0.9470788240432739;0;19;19
1.0974323749542236;0;20;20
1.0231764316558838;0;21;21
0.8217499852180481;0;22;22
0.8818845152854919;0;23;23
0.8036796450614929;0;24;24
0.7545043230056763;0;25;25
0.7530114650726318;0;26;26
0.9253807067871094;0;27;27
0.7783992290496826;0;28;28
0.6078779697418213;0;29;29
0.9024930000305176;0;30;30
0.6152640581130981;0;31;31
0.4501836895942688;0;32;32
0.5500975847244263;0;33;33
0.41790249943733215;0;34;34
0.5085039138793945;0;35;35
0.2945696711540222;0;36;36
0.40153124928474426;0;37;37
0.34915220737457275;0;38;38
0.4400646686553955;0;39;39
0.5694179534912109;0;40;40
0.442293256521225;0;41;41
0.43508946895599365;0;42;42
0.45182526111602783;0;43;43
0.21987636387348175;0;44;44
0.38809365034103394;0;45;45
0.47350072860717773;0;46;46
0.8756829500198364;0;47;47
0.3525457978248596;0;48;48
0.3040332794189453;0;49;49
0.3323759436607361;0;50;50
0.3934438228607178;0;51;51
0.42551183700561523;0;52;52
0.369341105222702;0;53;53
0.3700408935546875;0;54;54
0.3934217691421509;0;55;55
0.3256353735923767;0;56;56
0.3471643328666687;0;57;57
0.6965718865394592;0;58;58
0.35851871967315674;0;59;59
0.27171143889427185;0;60;60
0.7061691880226135;0;61;61
0.4206872284412384;0;62;62
0.30504873394966125;0;63;63
0.24666926264762878;0;64;64
0.2741365134716034;0;65;65
0.7027575969696045;0;66;66
0.24991750717163086;0;67;67
0.35730695724487305;0;68;68
0.32460224628448486;0;69;69
0.2847244143486023;0;70;70
0.7276803851127625;0;71;71
0.4899212718009949;0;72;72
0.3627963066101074;0;73;73
0.23801705241203308;0;74;74
0.24634870886802673;0;75;75
0.23290595412254333;0;76;76
0.4401998519897461;0;77;77
0.2872792184352875;0;78;78
0.45747053623199463;0;79;79
0.18163681030273438;0;80;80
0.24043798446655273;0;81;81
0.22611932456493378;0;82;82
0.1741093099117279;0;83;83
0.36295920610427856;0;84;84
0.3924482464790344;0;85;85
0.19781264662742615;0;86;86
0.1803290843963623;0;87;87
0.2056971788406372;0;88;88
0.2101006805896759;0;89;89
0.2017974704504013;0;90;90
0.11868750303983688;0;91;91
0.33688297867774963;0;92;92
0.2251882702112198;0;93;93
0.2228076159954071;0;94;94
0.3432319462299347;0;95;95
0.1821204125881195;0;96;96
0.19494210183620453;0;97;97
0.2165839970111847;0;98;98
0.48334380984306335;0;99;99
0.21316683292388916;0;100;100
0.3693337142467499;0;101;101
0.19458326697349548;0;102;102
0.1907157003879547;0;103;103
0.11112885177135468;0;104;104
0.14214619994163513;0;105;105
0.224724680185318;0;106;106
0.17285597324371338;0;107;107
0.09755510836839676;0;108;108
0.12422817200422287;0;109;109
0.5593652129173279;0;110;110
0.07358406484127045;0;111;111
0.8391844034194946;0;112;112
0.17259931564331055;0;113;113
0.4954308569431305;0;114;114
0.14175833761692047;0;115;115
0.10948868840932846;0;116;116
0.16438817977905273;0;117;117
0.6938385963439941;0;118;118
0.14983344078063965;0;119;119
0.2329426258802414;0;120;120
0.6762417554855347;0;121;121
0.12176091969013214;0;122;122
0.12274796515703201;0;123;123
0.21202179789543152;0;124;124
0.13486045598983765;0;125;125
0.3978000581264496;0;126;126
0.12226058542728424;0;127;127
0.08797959983348846;0;128;128
0.20751126110553741;0;129;129
0.20700587332248688;0;130;130
0.09435182809829712;0;131;131
0.06339488178491592;0;132;132
0.06603522598743439;0;133;133
0.8413601517677307;0;134;134
0.1932515650987625;0;135;135
0.7541065216064453;0;136;136
0.08477631211280823;0;137;137
0.21558870375156403;0;138;138
0.7433580160140991;0;139;139
0.572762668132782;0;140;140
0.15768414735794067;0;141;141
0.157190203666687;0;142;142
0.26280346512794495;0;143;143
0.08603192865848541;0;144;144
0.16754591464996338;0;145;145
0.10353191941976547;0;146;146
0.09525120258331299;0;147;147
0.8033140301704407;0;148;148
0.09423012286424637;0;149;149
0.11828804016113281;0;150;150
0.28931930661201477;0;151;151
0.1467590481042862;0;152;152
0.1798485517501831;0;153;153
0.10063651204109192;0;154;154
0.07456442713737488;0;155;155
0.0518391877412796;0;156;156
0.5830936431884766;0;157;157
0.05230369418859482;0;158;158
0.05895145237445831;0;159;159
0.05764645338058472;0;160;160
0.1390097737312317;0;161;161
0.38805586099624634;0;162;162
0.1224566102027893;0;163;163
0.2139146327972412;0;164;164
0.7238995432853699;0;165;165
0.283329039812088;0;166;166
0.049024082720279694;0;167;167
0.4786778688430786;0;168;168
0.10759368538856506;0;169;169
0.11606127768754959;0;170;170
0.09889968484640121;0;171;171
0.9208675622940063;0;172;172
0.4200889766216278;0;173;173
0.11290287971496582;0;174;174
0.4181573688983917;0;175;175
0.060718834400177;0;176;176
0.10220565646886826;0;177;177
0.17324185371398926;0;178;178
0.06655997782945633;0;179;179
0.13648231327533722;0;180;180
0.14953464269638062;0;181;181
0.1401442140340805;0;182;182
0.43305090069770813;0;183;183
0.15815499424934387;0;184;184
0.07790791988372803;0;185;185
0.27115678787231445;0;186;186
0.0672183409333229;0;187;187
0.5623505711555481;0;188;188
0.33037829399108887;0;189;189
0.2089131623506546;0;190;190
0.102129265666008;0;191;191
0.016704224050045013;0;192;192
0.0444972962141037;0;193;193
0.11655202507972717;0;194;194
0.3741450905799866;0;195;195
0.12583321332931519;0;196;196
0.10519275069236755;0;197;197
0.5830653309822083;0;198;198
0.23809131979942322;0;199;199
0.22310397028923035;0;200;200
0.20620040595531464;0;201;201
0.5706217288970947;0;202;202
0.2760739028453827;0;203;203
0.12902532517910004;0;204;204
0.24396339058876038;0;205;205
0.07205263525247574;0;206;206
0.198300302028656;0;207;207
0.06684500724077225;0;208;208
0.25390592217445374;0;209;209
0.09990383684635162;0;210;210
0.7375636696815491;0;211;211
0.09567555040121078;0;212;212
0.15477626025676727;0;213;213
0.1500123143196106;0;214;214
0.06908748298883438;0;215;215
0.09726175665855408;0;216;216
0.08630629628896713;0;217;217
0.27710041403770447;0;218;218
0.10793182998895645;0;219;219
0.1294328272342682;0;220;220
0.09019852429628372;0;221;221
0.07137002050876617;0;222;222
0.4763925075531006;0;223;223
0.07487484812736511;0;224;224
0.0377500057220459;0;225;225
0.06339273601770401;0;226;226
0.11989717185497284;0;227;227
0.08484458923339844;0;228;228
0.039445385336875916;0;229;229
0.11278538405895233;0;230;230
0.11192256212234497;0;231;231
0.16984251141548157;0;232;232
0.07574117183685303;0;233;233
0.20791120827198029;0;234;234
0.33874356746673584;0;235;235
0.03779152035713196;0;236;236
0.7989240288734436;0;237;237
0.026477158069610596;0;238;238
0.07553571462631226;0;239;239
0.3024519681930542;0;240;240
0.27284008264541626;0;241;241
0.06317484378814697;0;242;242
0.0979306697845459;0;243;243
0.1372089385986328;0;244;244
0.04216804727911949;0;245;245
0.056942883878946304;0;246;246
0.2693668007850647;0;247;247
0.21285012364387512;0;248;248
0.054072096943855286;0;249;249
0.18290096521377563;0;250;250
0.30612730979919434;0;251;251
0.1990247368812561;0;252;252
0.13832077383995056;0;253;253
0.10095789283514023;0;254;254
0.03719112649559975;0;255;255
0.11283950507640839;0;256;256
0.061591025441884995;0;257;257
0.1706695556640625;0;258;258
0.059300944209098816;0;259;259
0.06028261035680771;0;260;260
0.02575143799185753;0;261;261
0.4333949685096741;0;262;262
0.14191418886184692;0;263;263
0.06408443301916122;0;264;264
0.10181930661201477;0;265;265
0.19218555092811584;0;266;266
0.029069753363728523;0;267;267
0.6564418077468872;0;268;268
0.28851819038391113;0;269;269
0.1377212405204773;0;270;270
0.07378753274679184;0;271;271
0.15040446817874908;0;272;272
0.1532999873161316;0;273;273
0.11214824765920639;0;274;274
0.12741079926490784;0;275;275
0.12023339420557022;0;276;276
0.0349591039121151;0;277;277
0.05364350229501724;0;278;278
0.8912692070007324;0;279;279
0.11348901689052582;0;280;280
0.038915105164051056;0;281;281
0.8106856942176819;0;282;282
0.049253348261117935;0;283;283
0.017597084864974022;0;284;284
0.055714428424835205;0;285;285
0.03141390532255173;0;286;286
0.45200610160827637;0;287;287
0.03756948933005333;0;288;288
0.050175752490758896;0;289;289
0.7848064303398132;0;290;290
0.15469472110271454;0;291;291
0.1579175442457199;0;292;292
0.24437519907951355;0;293;293
0.37113893032073975;0;294;294
0.559897243976593;0;295;295
0.6107264161109924;0;296;296
0.3793257772922516;0;297;297
0.5594919323921204;0;298;298
1.3412723541259766;0;299;299
0.17302963137626648;0;300;300
0.06109600514173508;0;301;301
0.20181794464588165;0;302;302
0.16242003440856934;0;303;303
0.19095179438591003;0;304;304
0.05075744912028313;0;305;305
0.2135157287120819;0;306;306
0.3152363896369934;0;307;307
0.28068310022354126;0;308;308
0.2526625692844391;0;309;309
0.08293931931257248;0;310;310
0.07563931494951248;0;311;311
0.12711554765701294;0;312;312
0.15968233346939087;0;313;313
0.13041558861732483;0;314;314
0.18318699300289154;0;315;315
0.021987315267324448;0;316;316
0.03362926095724106;0;317;317
0.045127566903829575;0;318;318
0.15296214818954468;0;319;319
0.1450025588274002;0;320;320
0.11244890093803406;0;321;321
0.04347612336277962;0;322;322
0.4930485188961029;0;323;323
0.02673216536641121;0;324;324
0.28721803426742554;0;325;325
0.13324658572673798;0;326;326
0.19198325276374817;0;327;327
0.017439531162381172;0;328;328
0.10990089923143387;0;329;329
0.12506753206253052;0;330;330
0.2912291884422302;0;331;331
0.060816485434770584;0;332;332
0.04748003929853439;0;333;333
0.13380376994609833;0;334;334
0.060529597103595734;0;335;335
0.015063885599374771;0;336;336
0.10470762103796005;0;337;337
0.30258625745773315;0;338;338
0.9309291243553162;0;339;339
0.14608678221702576;0;340;340
0.22535750269889832;0;341;341
0.13744637370109558;0;342;342
0.4746561646461487;0;343;343
0.1019485741853714;0;344;344
0.10843213647603989;0;345;345
0.11180925369262695;0;346;346
0.06869781017303467;0;347;347
0.3111972510814667;0;348;348
0.0853513777256012;0;349;349
0.10033360868692398;0;350;350
0.500528872013092;0;351;351
0.07445655763149261;0;352;352
0.08113990724086761;0;353;353
0.06582535058259964;0;354;354
0.20932984352111816;0;355;355
0.38404324650764465;0;356;356
0.03824571892619133;0;357;357
0.3675452768802643;0;358;358
0.17557917535305023;0;359;359
0.23479370772838593;0;360;360
0.15270356833934784;0;361;361
0.1372966468334198;0;362;362
0.06264939904212952;0;363;363
0.4740237891674042;0;364;364
0.4743359684944153;0;365;365
0.08439230918884277;0;366;366
0.09142322838306427;0;367;367
0.13157624006271362;0;368;368
0.15396873652935028;0;369;369
0.17859622836112976;0;370;370
0.22982390224933624;0;371;371
0.05205351486802101;0;372;372
1.1364293098449707;0;373;373
0.14773467183113098;0;374;374
0.20587372779846191;0;375;375
0.14929644763469696;0;376;376
0.10706491768360138;0;377;377
0.05210856348276138;0;378;378
0.11943656206130981;0;379;379
0.08196072280406952;0;380;380
0.284157395362854;0;381;381
0.15014296770095825;0;382;382
0.6141607761383057;0;383;383
0.18602479994297028;0;384;384
0.13063925504684448;0;385;385
0.18652966618537903;0;386;386
0.12184008210897446;0;387;387
0.04391152411699295;0;388;388
0.10136845707893372;0;389;389
0.19777360558509827;0;390;390
0.1313757747411728;0;391;391
0.26951852440834045;0;392;392
0.056012097746133804;0;393;393
0.21105796098709106;0;394;394
0.04255206137895584;0;395;395
0.04911240190267563;0;396;396
0.038710370659828186;0;397;397
0.20951621234416962;0;398;398
0.015103653073310852;0;399;399
0.113237664103508;0;400;400
0.044552695006132126;0;401;401
0.15321196615695953;0;402;402
0.035947032272815704;0;403;403
0.18889178335666656;0;404;404
0.11895293742418289;0;405;405
0.05590929836034775;0;406;406
0.09881532192230225;0;407;407
0.9554777145385742;0;408;408
0.573714017868042;0;409;409
0.0867944061756134;0;410;410
0.0716959610581398;0;411;411
0.2594875693321228;0;412;412
0.2572571635246277;0;413;413
0.07810540497303009;0;414;414
0.08197003602981567;0;415;415
0.060358718037605286;0;416;416
0.10183019191026688;0;417;417
0.12715432047843933;0;418;418
0.27053171396255493;0;419;419
0.03811350092291832;0;420;420
0.02290838398039341;0;421;421
0.007500423584133387;0;422;422
0.1124034970998764;0;423;423
0.3782728612422943;0;424;424
0.07517218589782715;0;425;425
0.23016127943992615;0;426;426
0.17367494106292725;0;427;427
0.4766969084739685;0;428;428
0.20120765268802643;0;429;429
0.0975809320807457;0;430;430
0.1586558222770691;0;431;431
0.33540791273117065;0;432;432
0.09658227115869522;0;433;433
0.5709203481674194;0;434;434
0.13707874715328217;0;435;435
0.19242209196090698;0;436;436
0.049968622624874115;0;437;437
0.2100076526403427;0;438;438
0.21407544612884521;0;439;439
0.546402633190155;0;440;440
0.07933862507343292;0;441;441
0.16894495487213135;0;442;442
0.24317586421966553;0;443;443
0.14944429695606232;0;444;444
0.13659438490867615;0;445;445
0.10276578366756439;0;446;446
0.1579727828502655;0;447;447
0.08330430090427399;0;448;448
0.06503769010305405;0;449;449
0.06986731290817261;0;450;450
0.07698871195316315;0;451;451
0.09503079205751419;0;452;452
0.14173360168933868;0;453;453
0.09149186313152313;0;454;454
0.19060155749320984;0;455;455
0.43100595474243164;0;456;456
0.15592823922634125;0;457;457
0.12364315986633301;0;458;458
0.18366077542304993;0;459;459
0.08699928969144821;0;460;460
0.07429252564907074;0;461;461
0.1077365055680275;0;462;462
0.013614444062113762;0;463;463
0.39497819542884827;0;464;464
0.540961742401123;0;465;465
0.07155708968639374;0;466;466
0.16798503696918488;0;467;467
0.09264518320560455;0;468;468
1.2075510025024414;0;469;469
0.19059696793556213;0;470;470
0.09198324382305145;0;471;471
0.11292622983455658;0;472;472
0.16252994537353516;0;473;473
0.13315749168395996;0;474;474
0.09164681285619736;0;475;475
0.5171316862106323;0;476;476
0.14743435382843018;0;477;477
0.09412246942520142;0;478;478
0.17389780282974243;0;479;479
0.15566812455654144;0;480;480
0.5718346834182739;0;481;481
0.16260702908039093;0;482;482
0.20085692405700684;0;483;483
0.05421203747391701;0;484;484
0.09800754487514496;0;485;485
0.09455907344818115;0;486;486
0.1876997947692871;0;487;487
0.3859040141105652;0;488;488
0.670875072479248;0;489;489
0.12588933110237122;0;490;490
0.07285217940807343;0;491;491
0.06994861364364624;0;492;492
0.8232426643371582;0;493;493
0.07472021132707596;0;494;494
0.01589944399893284;0;495;495
0.6313241124153137;0;496;496
0.1364978551864624;0;497;497
0.09846484661102295;0;498;498
0.13157601654529572;0;499;499
0.15487879514694214;0;500;500
0.10004951059818268;0;501;501
0.1458023637533188;0;502;502
0.1569630205631256;0;503;503
0.15824849903583527;0;504;504
0.10479386895895004;0;505;505
0.030624065548181534;0;506;506
0.2703763246536255;0;507;507
0.40306124091148376;0;508;508
0.028559988364577293;0;509;509
0.05425500497221947;0;510;510
0.12519317865371704;0;511;511
0.09659191966056824;0;512;512
0.1065211147069931;0;513;513
0.06930448114871979;0;514;514
0.14824169874191284;0;515;515
0.17133107781410217;0;516;516
0.1318543702363968;0;517;517
0.025296885520219803;0;518;518
0.059194669127464294;0;519;519
0.03138810768723488;0;520;520
0.594573974609375;0;521;521
0.05353689566254616;0;522;522
0.042804740369319916;0;523;523
0.18393650650978088;0;524;524
0.10819678008556366;0;525;525
0.674647331237793;0;526;526
0.0321028009057045;0;527;527
0.019079964607954025;0;528;528
0.040171846747398376;0;529;529
0.04521185904741287;0;530;530
0.16991738975048065;0;531;531
0.10224796086549759;0;532;532
0.09228570014238358;0;533;533
0.28270334005355835;0;534;534
0.6136496067047119;0;535;535
0.22148798406124115;0;536;536
0.26947030425071716;0;537;537
0.1294674426317215;0;538;538
0.07396640628576279;0;539;539
0.06581144779920578;0;540;540
0.31844469904899597;0;541;541
0.15087106823921204;0;542;542
0.09026771783828735;0;543;543
0.07958333194255829;0;544;544
0.015542373061180115;0;545;545
0.14818111062049866;0;546;546
0.04104771092534065;0;547;547
0.6978520750999451;0;548;548
0.013926660642027855;0;549;549
0.09413298964500427;0;550;550
0.1778486967086792;0;551;551
0.09358210861682892;0;552;552
0.10194419324398041;0;553;553
0.40362006425857544;0;554;554
0.03241504728794098;0;555;555
0.08817124366760254;0;556;556
0.620927095413208;0;557;557
0.06982306391000748;0;558;558
0.06029237061738968;0;559;559
0.8674752712249756;0;560;560
0.028236161917448044;0;561;561
0.04645407944917679;0;562;562
0.15352772176265717;0;563;563
0.2968043088912964;0;564;564
0.2518264055252075;0;565;565
0.04545285552740097;0;566;566
0.08269985020160675;0;567;567
0.28442835807800293;0;568;568
0.11967741698026657;0;569;569
0.5712246298789978;0;570;570
0.19617938995361328;0;571;571
0.05907832831144333;0;572;572
0.06467191874980927;0;573;573
0.23333723843097687;0;574;574
0.4226183593273163;0;575;575
0.2270781397819519;0;576;576
0.01740831509232521;0;577;577
0.23500466346740723;0;578;578
0.06549340486526489;0;579;579
0.19609640538692474;0;580;580
0.04082407057285309;0;581;581
0.06355182826519012;0;582;582
1.3559433221817017;0;583;583
0.18698610365390778;0;584;584
0.2590191960334778;0;585;585
0.08495672047138214;0;586;586
0.05672566592693329;0;587;587
0.15832209587097168;0;588;588
0.10648411512374878;0;589;589
0.1873542070388794;0;590;590
0.03797062113881111;0;591;591
0.2596266269683838;0;592;592
0.18930839002132416;0;593;593
0.1391526609659195;0;594;594
0.05997924879193306;0;595;595
0.03933817520737648;0;596;596
0.13728103041648865;0;597;597
0.10129723697900772;0;598;598
0.23026254773139954;0;599;599
0.039359964430332184;0;600;600
0.01176457293331623;0;601;601
0.05211111158132553;0;602;602
0.061927374452352524;0;603;603
0.0540357306599617;0;604;604
0.22460073232650757;0;605;605
0.17297641932964325;0;606;606
0.1024746298789978;0;607;607
0.03862066939473152;0;608;608
0.2354639172554016;0;609;609
0.17181062698364258;0;610;610
0.0919799953699112;0;611;611
0.09110188484191895;0;612;612
0.12292829900979996;0;613;613
0.20148779451847076;0;614;614
0.03739827126264572;0;615;615
0.008413808420300484;0;616;616
0.9286481738090515;0;617;617
0.782895565032959;0;618;618
0.008398466743528843;0;619;619
0.1946306675672531;0;620;620
0.07336864620447159;0;621;621
0.45396605134010315;0;622;622
0.18620115518569946;0;623;623
0.10363711416721344;0;624;624
0.15559406578540802;0;625;625
0.01464619766920805;0;626;626
0.09329825639724731;0;627;627
0.009427591226994991;0;628;628
0.16155962646007538;0;629;629
0.10225391387939453;0;630;630
0.9788318872451782;0;631;631
0.022997846826910973;0;632;632
0.028926536440849304;0;633;633
0.048232726752758026;0;634;634
0.14861199259757996;0;635;635
0.3586956560611725;0;636;636
0.057213425636291504;0;637;637
0.03623828664422035;0;638;638
0.8750600814819336;0;639;639
0.1429985612630844;0;640;640
0.33854353427886963;0;641;641
0.05342918634414673;0;642;642
0.6380987167358398;0;643;643
0.8582003116607666;0;644;644
0.2604309022426605;0;645;645
0.1751028448343277;0;646;646
0.3675117492675781;0;647;647
0.06703744828701019;0;648;648
0.13232985138893127;0;649;649
0.06817717850208282;0;650;650
0.39802059531211853;0;651;651
0.1720440834760666;0;652;652
0.11754286289215088;0;653;653
0.010282890871167183;0;654;654
0.08983653783798218;0;655;655
0.07752010971307755;0;656;656
0.035904474556446075;0;657;657
0.1432667374610901;0;658;658
0.042421936988830566;0;659;659
0.1724873036146164;0;660;660
0.07973947376012802;0;661;661
0.04082716256380081;0;662;662
0.13210460543632507;0;663;663
0.4350109100341797;0;664;664
0.022540032863616943;0;665;665
0.024717533960938454;0;666;666
0.17885152995586395;0;667;667
0.06138359010219574;0;668;668
0.011098000220954418;0;669;669
0.023008625954389572;0;670;670
0.10092220455408096;0;671;671
0.04910636693239212;0;672;672
0.7236077189445496;0;673;673
0.035098329186439514;0;674;674
0.1151752918958664;0;675;675
0.9899957180023193;0;676;676
0.1812363862991333;0;677;677
0.07483403384685516;0;678;678
0.06957340240478516;0;679;679
0.04242005571722984;0;680;680
0.03157859295606613;0;681;681
0.044999271631240845;0;682;682
0.1562260240316391;0;683;683
0.1903979629278183;0;684;684
0.02255570888519287;0;685;685
0.018933521583676338;0;686;686
0.33122292160987854;0;687;687
0.09524156153202057;0;688;688
0.24283933639526367;0;689;689
0.0698297768831253;0;690;690
0.07370837032794952;0;691;691
0.1289384812116623;0;692;692
0.9134038090705872;0;693;693
0.11796188354492188;0;694;694
0.04742389917373657;0;695;695
0.11057303845882416;0;696;696
0.7681292295455933;0;697;697
0.060834214091300964;0;698;698
0.21499717235565186;0;699;699
0.16456790268421173;0;700;700
0.24968379735946655;0;701;701
0.2076483964920044;0;702;702
0.344897985458374;0;703;703
0.05204029381275177;0;704;704
0.2296399623155594;0;705;705
0.08534638583660126;0;706;706
0.05120011046528816;0;707;707
0.11045144498348236;0;708;708
0.1609126627445221;0;709;709
0.21291914582252502;0;710;710
0.08887284994125366;0;711;711
0.09313014149665833;0;712;712
0.3196095824241638;0;713;713
0.060242947190999985;0;714;714
0.3094401955604553;0;715;715
0.1759571135044098;0;716;716
0.5593764185905457;0;717;717
0.14292755722999573;0;718;718
0.09916774928569794;0;719;719
0.03742167353630066;0;720;720
0.08169712126255035;0;721;721
0.1322263479232788;0;722;722
0.06426085531711578;0;723;723
0.07871518284082413;0;724;724
0.16264109313488007;0;725;725
0.10531594604253769;0;726;726
0.03483001887798309;0;727;727
0.08776099234819412;0;728;728
0.06805337965488434;0;729;729
0.021892717108130455;0;730;730
0.07078441232442856;0;731;731
0.12792262434959412;0;732;732
0.18995441496372223;0;733;733
0.5224831700325012;0;734;734
0.04217211902141571;0;735;735
0.09652864187955856;0;736;736
0.032798200845718384;0;737;737
0.34766295552253723;0;738;738
0.16050773859024048;0;739;739
0.08588233590126038;0;740;740
0.1765240877866745;0;741;741
0.06999152153730392;0;742;742
0.13605672121047974;0;743;743
0.16575393080711365;0;744;744
0.1528337597846985;0;745;745
0.08086094260215759;0;746;746
0.05648881569504738;0;747;747
0.1668350100517273;0;748;748
0.1876196563243866;0;749;749
0.02159951999783516;0;750;750
0.02089572697877884;0;751;751
0.01781582273542881;0;752;752
0.04065748304128647;0;753;753
1.4475467205047607;0;754;754
0.3806169927120209;0;755;755
0.015373704954981804;0;756;756
0.04590756073594093;0;757;757
0.03279231861233711;0;758;758
0.24933424592018127;0;759;759
0.2646351158618927;0;760;760
0.0362120047211647;0;761;761
0.03344611078500748;0;762;762
0.0361328087747097;0;763;763
0.3554246127605438;0;764;764
0.6409153938293457;0;765;765
0.10910528898239136;0;766;766
0.09306169301271439;0;767;767
0.052478887140750885;0;768;768
0.11778849363327026;0;769;769
0.013172836974263191;0;770;770
0.11767104268074036;0;771;771
0.042691946029663086;0;772;772
0.005379885900765657;0;773;773
0.03783412650227547;0;774;774
0.29787585139274597;0;775;775
0.0580742247402668;0;776;776
0.043204762041568756;0;777;777
0.17595413327217102;0;778;778
0.1023181676864624;0;779;779
0.024944152683019638;0;780;780
0.21387933194637299;0;781;781
1.0504251718521118;0;782;782
0.5268551707267761;0;783;783
0.012526102364063263;0;784;784
0.04608479142189026;0;785;785
0.16035376489162445;0;786;786
0.012095246464014053;0;787;787
0.09921280294656754;0;788;788
0.7634531259536743;0;789;789
0.0717061460018158;0;790;790
0.06514151394367218;0;791;791
0.03680912032723427;0;792;792
0.009088988415896893;0;793;793
0.09106279909610748;0;794;794
0.008400533348321915;0;795;795
0.045444048941135406;0;796;796
0.07586587965488434;0;797;797
0.1318759322166443;0;798;798
0.08502278476953506;0;799;799
0.05390988290309906;0;800;800
0.046520669013261795;0;801;801
0.021685516461730003;0;802;802
0.11113177239894867;0;803;803
0.15103420615196228;0;804;804
0.008570654317736626;0;805;805
0.21639218926429749;0;806;806
0.20507460832595825;0;807;807
0.03819645941257477;0;808;808
0.09870357811450958;0;809;809
1.0946916341781616;0;810;810
0.08287972956895828;0;811;811
0.06848005950450897;0;812;812
0.04931734502315521;0;813;813
0.15786677598953247;0;814;814
0.12793654203414917;0;815;815
0.10561553388834;0;816;816
0.014065328985452652;0;817;817
0.010240980423986912;0;818;818
0.07189778983592987;0;819;819
0.15744397044181824;0;820;820
0.04627605900168419;0;821;821
0.0216829814016819;0;822;822
0.026068605482578278;0;823;823
0.17819607257843018;0;824;824
0.15548324584960938;0;825;825
0.4414054751396179;0;826;826
0.005766992457211018;0;827;827
0.017141757532954216;0;828;828
0.10424623638391495;0;829;829
0.006800278089940548;0;830;830
0.024264667183160782;0;831;831
0.04727640375494957;0;832;832
0.008441970683634281;0;833;833
0.28849735856056213;0;834;834
0.17487895488739014;0;835;835
0.1406937837600708;0;836;836
0.2711336612701416;0;837;837
0.04516705498099327;0;838;838
0.005783189088106155;0;839;839
0.007630149368196726;0;840;840
0.015179561451077461;0;841;841
0.05427262559533119;0;842;842
0.18854764103889465;0;843;843
0.06190778315067291;0;844;844
0.011835111305117607;0;845;845
0.08127376437187195;0;846;846
0.12504050135612488;0;847;847
0.10459070652723312;0;848;848
0.12227631360292435;0;849;849
0.49915438890457153;0;850;850
0.011693840846419334;0;851;851
0.06243787333369255;0;852;852
0.04120931774377823;0;853;853
1.2121723890304565;0;854;854
0.08271314203739166;0;855;855
0.2748377323150635;0;856;856
0.1515285074710846;0;857;857
0.49601835012435913;0;858;858
0.1356269270181656;0;859;859
0.028242789208889008;0;860;860
0.03448842465877533;0;861;861
0.16441220045089722;0;862;862
0.717327892780304;0;863;863
0.010478065349161625;0;864;864
0.16638725996017456;0;865;865
0.1481381356716156;0;866;866
0.503639280796051;0;867;867
0.7128055095672607;0;868;868
0.817399263381958;0;869;869
0.023863807320594788;0;870;870
0.11345537006855011;0;871;871
0.0658864751458168;0;872;872
0.08022503554821014;0;873;873
0.1599615216255188;0;874;874
0.06559772789478302;0;875;875
0.06497568637132645;0;876;876
0.057901158928871155;0;877;877
0.5110807418823242;0;878;878
0.015291571617126465;0;879;879
0.10715985298156738;0;880;880
0.030831769108772278;0;881;881
0.13094793260097504;0;882;882
0.3086867034435272;0;883;883
0.16717439889907837;0;884;884
0.11333838105201721;0;885;885
0.05581136792898178;0;886;886
0.04624909535050392;0;887;887
0.06371316313743591;0;888;888
0.021902533248066902;0;889;889
0.0313144288957119;0;890;890
0.04205440357327461;0;891;891
0.044943053275346756;0;892;892
0.15835832059383392;0;893;893
0.6384454369544983;0;894;894
0.15992213785648346;0;895;895
0.2917001247406006;0;896;896
0.09509226679801941;0;897;897
0.01841287687420845;0;898;898
0.03122110292315483;0;899;899
0.16340012848377228;0;900;900
0.1545751392841339;0;901;901
0.012984834611415863;0;902;902
0.006681915372610092;0;903;903
0.09523287415504456;0;904;904
0.02694726549088955;0;905;905
0.20129969716072083;0;906;906
0.18621720373630524;0;907;907
0.04211011156439781;0;908;908
0.11300481855869293;0;909;909
0.013626204803586006;0;910;910
0.2644834816455841;0;911;911
0.1372717171907425;0;912;912
0.018066762015223503;0;913;913
0.05081997439265251;0;914;914
0.050820305943489075;0;915;915
0.08528018742799759;0;916;916
1.5631114519120355e+28;0;917;917
0.015043588355183601;0;918;918
0.20204836130142212;0;919;919
0.046191781759262085;0;920;920
0.012248186394572258;0;921;921
0.12401469051837921;0;922;922
0.08922413736581802;0;923;923
0.1867881566286087;0;924;924
0.10816638171672821;0;925;925
0.0029381124768406153;0;926;926
0.09199856221675873;0;927;927
0.026996461674571037;0;928;928
0.23372161388397217;0;929;929
0.0036733602173626423;0;930;930
0.146034836769104;0;931;931
0.11804904043674469;0;932;932
0.13373008370399475;0;933;933
0.02792590670287609;0;934;934
0.18875062465667725;0;935;935
0.04620906710624695;0;936;936
0.10100730508565903;0;937;937
0.36220890283584595;0;938;938
0.901186466217041;0;939;939
0.07782721519470215;0;940;940
0.25527840852737427;0;941;941
0.0459461435675621;0;942;942
0.013845527544617653;0;943;943
0.07378774136304855;0;944;944
0.3331103026866913;0;945;945
0.05238734185695648;0;946;946
0.01300621498376131;0;947;947
0.014394862577319145;0;948;948
0.043431028723716736;0;949;949
0.5676563382148743;0;950;950
0.012142952531576157;0;951;951
0.10474181175231934;0;952;952
0.19437456130981445;0;953;953
0.11815778911113739;0;954;954
0.5798324942588806;0;955;955
0.02043960429728031;0;956;956
0.04660194367170334;0;957;957
0.015281283296644688;0;958;958
1.0097485780715942;0;959;959
0.020008843392133713;0;960;960
0.1791987121105194;0;961;961
0.001832761219702661;0;962;962
0.15108057856559753;0;963;963
0.06049209088087082;0;964;964
0.06916101276874542;0;965;965
0.23990198969841003;0;966;966
0.028826741501688957;0;967;967
0.21102023124694824;0;968;968
0.5134393572807312;0;969;969
0.04396771639585495;0;970;970
0.038635872304439545;0;971;971
0.02042934112250805;0;972;972
0.20287084579467773;0;973;973
0.31578290462493896;0;974;974
0.00798061117529869;0;975;975
0.07451726496219635;0;976;976
0.02571183070540428;0;977;977
0.8670251965522766;0;978;978
0.0721217468380928;0;979;979
0.0034933672286570072;0;980;980
0.2786293625831604;0;981;981
0.006474275141954422;0;982;982
0.10955874621868134;0;983;983
0.3047198951244354;0;984;984
0.036191947758197784;0;985;985
0.13053831458091736;0;986;986
0.08375880122184753;0;987;987
0.005068139638751745;0;988;988
0.05544285103678703;0;989;989
0.1048545390367508;0;990;990
0.14375251531600952;0;991;991
0.05245848745107651;0;992;992
0.09898392856121063;0;993;993
0.05278623476624489;0;994;994
0.14257396757602692;0;995;995
0.67000812292099;0;996;996
0.15227963030338287;0;997;997
0.16127607226371765;0;998;998
0.03995170071721077;0;999;999
0.11581820249557495;0;1000;1000
0.12822115421295166;0;1001;1001
0.008609132841229439;0;1002;1002
0.026498649269342422;0;1003;1003
0.08084931969642639;0;1004;1004
0.5195328593254089;0;1005;1005
0.022512763738632202;0;1006;1006
0.3320481479167938;0;1007;1007
0.04044657200574875;0;1008;1008
0.22678115963935852;0;1009;1009
0.04755866155028343;0;1010;1010
0.022257637232542038;0;1011;1011
0.01804981753230095;0;1012;1012
0.04199371859431267;0;1013;1013
0.027253609150648117;0;1014;1014
0.06591351330280304;0;1015;1015
0.02225007489323616;0;1016;1016
0.025566408410668373;0;1017;1017
0.005881270859390497;0;1018;1018
0.1508851796388626;0;1019;1019
0.17724096775054932;0;1020;1020
0.04533224552869797;0;1021;1021
0.3580491244792938;0;1022;1022
0.06628814339637756;0;1023;1023
0.29970884323120117;0;1024;1024
0.040468767285346985;0;1025;1025
0.08292222768068314;0;1026;1026
0.05204848200082779;0;1027;1027
0.6627852320671082;0;1028;1028
0.04113273322582245;0;1029;1029
0.06297580897808075;0;1030;1030
0.00882708840072155;0;1031;1031
0.17432467639446259;0;1032;1032
0.03884637728333473;0;1033;1033
0.044375400990247726;0;1034;1034
0.08777148276567459;0;1035;1035
0.16760021448135376;0;1036;1036
0.006506667472422123;0;1037;1037
0.32933270931243896;0;1038;1038
0.06163880601525307;0;1039;1039
0.06895755976438522;0;1040;1040
0.1886981874704361;0;1041;1041
0.05468347296118736;0;1042;1042
1.100518822669983;0;1043;1043
0.04648244380950928;0;1044;1044
0.007564356550574303;0;1045;1045
0.11433912068605423;0;1046;1046
0.03571578115224838;0;1047;1047
0.7003230452537537;0;1048;1048
0.005918150767683983;0;1049;1049
0.021120307967066765;0;1050;1050
0.018235409632325172;0;1051;1051
0.024652473628520966;0;1052;1052
0.014263809658586979;0;1053;1053
0.19080597162246704;0;1054;1054
0.03509434312582016;0;1055;1055
0.11582337319850922;0;1056;1056
0.031784288585186005;0;1057;1057
0.0715215802192688;0;1058;1058
0.11624053120613098;0;1059;1059
0.5160667300224304;0;1060;1060
0.015467212535440922;0;1061;1061
0.009479385800659657;0;1062;1062
0.022225620225071907;0;1063;1063
0.03204317390918732;0;1064;1064
0.02048892341554165;0;1065;1065
0.018444355577230453;0;1066;1066
0.0543033704161644;0;1067;1067
0.03328853100538254;0;1068;1068
0.17875826358795166;0;1069;1069
0.2108035832643509;0;1070;1070
0.14238272607326508;0;1071;1071
0.06771901249885559;0;1072;1072
0.0405489057302475;0;1073;1073
0.04409893974661827;0;1074;1074
0.16775931417942047;0;1075;1075
0.027596957981586456;0;1076;1076
0.04543517902493477;0;1077;1077
0.17574343085289001;0;1078;1078
0.1451541632413864;0;1079;1079
0.1485499143600464;0;1080;1080
0.013149149715900421;0;1081;1081
0.6298582553863525;0;1082;1082
0.06321112811565399;0;1083;1083
0.04240115359425545;0;1084;1084
0.12382998317480087;0;1085;1085
0.003281809389591217;0;1086;1086
0.0030303727835416794;0;1087;1087
0.5314643383026123;0;1088;1088
0.13604608178138733;0;1089;1089
0.025077223777770996;0;1090;1090
0.04586448520421982;0;1091;1091
0.09159580618143082;0;1092;1092
0.05500240623950958;0;1093;1093
0.180076003074646;0;1094;1094
0.09648709744215012;0;1095;1095
0.024972528219223022;0;1096;1096
0.010792180895805359;0;1097;1097
0.05569814145565033;0;1098;1098
0.02368849888443947;0;1099;1099
0.16505518555641174;0;1100;1100
0.03958314657211304;0;1101;1101
0.1633303463459015;0;1102;1102
0.11529994755983353;0;1103;1103
0.03635616600513458;0;1104;1104
0.1445046067237854;0;1105;1105
0.046687256544828415;0;1106;1106
0.04504043236374855;0;1107;1107
0.004491082858294249;0;1108;1108
0.3006724417209625;0;1109;1109
0.11636242270469666;0;1110;1110
0.02662164531648159;0;1111;1111
0.9545583724975586;0;1112;1112
0.009907813742756844;0;1113;1113
0.04586944356560707;0;1114;1114
0.061655472964048386;0;1115;1115
0.08426253497600555;0;1116;1116
0.018368061631917953;0;1117;1117
0.020499490201473236;0;1118;1118
0.22900032997131348;0;1119;1119
0.03798380121588707;0;1120;1120
0.031734175980091095;0;1121;1121
0.6667913794517517;0;1122;1122
0.08496604114770889;0;1123;1123
0.2710886597633362;0;1124;1124
0.08862459659576416;0;1125;1125
0.06708116829395294;0;1126;1126
0.3278671205043793;0;1127;1127
0.03525732457637787;0;1128;1128
0.04334434121847153;0;1129;1129
0.09983585774898529;0;1130;1130
0.034995462745428085;0;1131;1131
0.0946090817451477;0;1132;1132
0.07988645881414413;0;1133;1133
0.29811885952949524;0;1134;1134
0.07394253462553024;0;1135;1135
0.08573372662067413;0;1136;1136
0.01931256242096424;0;1137;1137
0.009361394681036472;0;1138;1138
0.14937910437583923;0;1139;1139
0.1531195044517517;0;1140;1140
0.08213243633508682;0;1141;1141
0.08246307075023651;0;1142;1142
0.03907870501279831;0;1143;1143
0.21377483010292053;0;1144;1144
0.09583441913127899;0;1145;1145
0.04184110090136528;0;1146;1146
0.006479596719145775;0;1147;1147
0.03268234431743622;0;1148;1148
0.035659559071063995;0;1149;1149
0.05033508688211441;0;1150;1150
0.05219877511262894;0;1151;1151
0.15534213185310364;0;1152;1152
0.1982676088809967;0;1153;1153
0.27596786618232727;0;1154;1154
0.08100315928459167;0;1155;1155
0.11689844727516174;0;1156;1156
0.012504292652010918;0;1157;1157
0.0034118846524506807;0;1158;1158
0.09936792403459549;0;1159;1159
0.12078382074832916;0;1160;1160
0.08553345501422882;0;1161;1161
0.06671255081892014;0;1162;1162
0.1901162564754486;0;1163;1163
0.06551394611597061;0;1164;1164
0.012309872545301914;0;1165;1165
0.06413711607456207;0;1166;1166
0.3223852813243866;0;1167;1167
0.03954599052667618;0;1168;1168
0.02416076511144638;0;1169;1169
0.06594517827033997;0;1170;1170
0.22804073989391327;0;1171;1171
0.05112791061401367;0;1172;1172
0.06794065982103348;0;1173;1173
0.044725969433784485;0;1174;1174
1.113616943359375;0;1175;1175
0.014454863965511322;0;1176;1176
0.0761558786034584;0;1177;1177
0.1063016951084137;0;1178;1178
0.010317128151655197;0;1179;1179
0.01702582649886608;0;1180;1180
0.03684929013252258;0;1181;1181
0.12171826511621475;0;1182;1182
0.24815404415130615;0;1183;1183
0.7461511492729187;0;1184;1184
0.15923181176185608;0;1185;1185
0.13659557700157166;0;1186;1186
0.03996547311544418;0;1187;1187
0.01584886945784092;0;1188;1188
0.05614178627729416;0;1189;1189
0.0565323680639267;0;1190;1190
0.014000631868839264;0;1191;1191
0.3766028583049774;0;1192;1192
0.14818893373012543;0;1193;1193
0.09864114224910736;0;1194;1194
0.0074690403416752815;0;1195;1195
0.02063557878136635;0;1196;1196
0.16399124264717102;0;1197;1197
0.03083462454378605;0;1198;1198
0.01615864969789982;0;1199;1199
0.0990576297044754;0;1200;1200
0.010354562662541866;0;1201;1201
0.013071293011307716;0;1202;1202
0.06073926389217377;0;1203;1203
0.12628021836280823;0;1204;1204
0.03205252066254616;0;1205;1205
0.016822990030050278;0;1206;1206
0.10314260423183441;0;1207;1207
0.009235111996531487;0;1208;1208
0.07100145518779755;0;1209;1209
0.32474973797798157;0;1210;1210
0.06627542525529861;0;1211;1211
0.008563820272684097;0;1212;1212
0.07629288733005524;0;1213;1213
0.06444772332906723;0;1214;1214
0.00566560123115778;0;1215;1215
0.007692541927099228;0;1216;1216
0.13778001070022583;0;1217;1217
0.098076730966568;0;1218;1218
0.06454318016767502;0;1219;1219
0.03839200362563133;0;1220;1220
0.040199220180511475;0;1221;1221
0.17486914992332458;0;1222;1222
0.054356642067432404;0;1223;1223
1.7631664276123047;0;1224;1224
0.10801858454942703;0;1225;1225
0.054845668375492096;0;1226;1226
0.029239099472761154;0;1227;1227
0.16629892587661743;0;1228;1228
0.041461918503046036;0;1229;1229
1.0945628881454468;0;1230;1230
0.249672532081604;0;1231;1231
0.07246490567922592;0;1232;1232
0.11482968926429749;0;1233;1233
0.020823664963245392;0;1234;1234
0.5861864686012268;0;1235;1235
0.01627633348107338;0;1236;1236
0.08173839747905731;0;1237;1237
0.1975114941596985;0;1238;1238
0.18613651394844055;0;1239;1239
0.6764175891876221;0;1240;1240
0.017048610374331474;0;1241;1241
0.09645374119281769;0;1242;1242
0.553314745426178;0;1243;1243
0.5508992075920105;0;1244;1244
0.2969864010810852;0;1245;1245
0.1734023541212082;0;1246;1246
0.08885835856199265;0;1247;1247
0.10267515480518341;0;1248;1248
0.07411655783653259;0;1249;1249
0.08377447724342346;0;1250;1250
0.05923250690102577;0;1251;1251
0.12233670055866241;0;1252;1252
0.20163801312446594;0;1253;1253
0.017592333257198334;0;1254;1254
0.028317410498857498;0;1255;1255
0.11919956654310226;0;1256;1256
0.012170888483524323;0;1257;1257
0.05779135972261429;0;1258;1258
0.027649350464344025;0;1259;1259
0.18479757010936737;0;1260;1260
0.004667897708714008;0;1261;1261
0.15189456939697266;0;1262;1262
0.10215052217245102;0;1263;1263
0.008037607185542583;0;1264;1264
0.6839494109153748;0;1265;1265
0.0901646688580513;0;1266;1266
0.06655792146921158;1;1;1267
0.12753820419311523;1;2;1268
0.005981446709483862;1;3;1269
0.05908713489770889;1;4;1270
0.0846833810210228;1;5;1271
0.4400174021720886;1;6;1272
0.5781048536300659;1;7;1273
0.0063774907030165195;1;8;1274
0.02287428081035614;1;9;1275
0.05191841721534729;1;10;1276
0.012585442513227463;1;11;1277
0.06914986670017242;1;12;1278
0.031392134726047516;1;13;1279
0.1255287081003189;1;14;1280
0.45419448614120483;1;15;1281
0.01007774192839861;1;16;1282
0.08885560929775238;1;17;1283
0.03442416340112686;1;18;1284
0.008428107015788555;1;19;1285
1.4139379262924194;1;20;1286
0.03996768221259117;1;21;1287
0.05450989678502083;1;22;1288
0.004781496711075306;1;23;1289
0.009611960500478745;1;24;1290
0.022318923845887184;1;25;1291
0.19385890662670135;1;26;1292
0.01971030980348587;1;27;1293
0.023897526785731316;1;28;1294
0.03390120342373848;1;29;1295
0.010881318710744381;1;30;1296
0.011094354093074799;1;31;1297
0.009432193823158741;1;32;1298
0.14013057947158813;1;33;1299
0.002816499676555395;1;34;1300
0.06672301888465881;1;35;1301
0.034013040363788605;1;36;1302
0.015538588166236877;1;37;1303
0.033323075622320175;1;38;1304
0.015751367434859276;1;39;1305
0.059927716851234436;1;40;1306
0.016478214412927628;1;41;1307
0.0095435231924057;1;42;1308
1.3809523039117667e+28;1;43;1309
0.11289021372795105;1;44;1310
0.03834041953086853;1;45;1311
0.03038431704044342;1;46;1312
0.14150521159172058;1;47;1313
0.017610661685466766;1;48;1314
0.005036013666540384;1;49;1315
0.016606232151389122;1;50;1316
0.09780855476856232;1;51;1317
0.04631497710943222;1;52;1318
0.1944720447063446;1;53;1319
0.007156208157539368;1;54;1320
0.07887240499258041;1;55;1321
0.17889103293418884;1;56;1322
0.14548860490322113;1;57;1323
0.0035482668317854404;1;58;1324
0.19492053985595703;1;59;1325
0.43859434127807617;1;60;1326
0.044625528156757355;1;61;1327
0.3253534138202667;1;62;1328
0.4210819602012634;1;63;1329
0.008265728130936623;1;64;1330
0.023594647645950317;1;65;1331
0.008623900823295116;1;66;1332
0.15379396080970764;1;67;1333
0.0031488037202507257;1;68;1334
0.04246778413653374;1;69;1335
0.6843791604042053;1;70;1336
0.06102897971868515;1;71;1337
0.00936940312385559;1;72;1338
0.055763743817806244;1;73;1339
0.025540145114064217;1;74;1340
0.05636809766292572;1;75;1341
0.09114186465740204;1;76;1342
0.3763578534126282;1;77;1343
0.007189086638391018;1;78;1344
0.4453265070915222;1;79;1345
0.02550922892987728;1;80;1346
0.046368326991796494;1;81;1347
0.07439970970153809;1;82;1348
0.17732813954353333;1;83;1349
0.013551698997616768;1;84;1350
0.04140723496675491;1;85;1351
0.1908654272556305;1;86;1352
0.006421838887035847;1;87;1353
0.0951627567410469;1;88;1354
0.009951924905180931;1;89;1355
0.05560119450092316;1;90;1356
0.16622021794319153;1;91;1357
0.03252504765987396;1;92;1358
0.004545572213828564;1;93;1359
0.006074219476431608;1;94;1360
0.054780855774879456;1;95;1361
0.30937331914901733;1;96;1362
0.02897682785987854;1;97;1363
0.008069411851465702;1;98;1364
0.011861138045787811;1;99;1365
0.048858895897865295;1;100;1366
0.15070590376853943;1;101;1367
0.23307573795318604;1;102;1368
0.2585126757621765;1;103;1369
0.03539933264255524;1;104;1370
0.019249431788921356;1;105;1371
0.028421422466635704;1;106;1372
0.17529194056987762;1;107;1373
0.011761398985981941;1;108;1374
0.29363662004470825;1;109;1375
0.022856635972857475;1;110;1376
0.354097843170166;1;111;1377
0.14672225713729858;1;112;1378
0.008030224591493607;1;113;1379
0.01780800335109234;1;114;1380
0.011338507756590843;1;115;1381
0.007113294675946236;1;116;1382
0.028336189687252045;1;117;1383
0.12780818343162537;1;118;1384
0.041653506457805634;1;119;1385
0.0341583788394928;1;120;1386
0.0015965609345585108;1;121;1387
0.04012846201658249;1;122;1388
0.013800304383039474;1;123;1389
0.09118349850177765;1;124;1390
0.07834535837173462;1;125;1391
0.04172900319099426;1;126;1392
0.034273456782102585;1;127;1393
0.09726694226264954;1;128;1394
0.06622874736785889;1;129;1395
0.013510706834495068;1;130;1396
0.041359953582286835;1;131;1397
0.05127443000674248;1;132;1398
0.06845464557409286;1;133;1399
0.00811158400028944;1;134;1400
0.03886454552412033;1;135;1401
0.07120615988969803;1;136;1402
0.04364604502916336;1;137;1403
0.026431644335389137;1;138;1404
0.09831641614437103;1;139;1405
0.04010600224137306;1;140;1406
0.009858962148427963;1;141;1407
0.059467919170856476;1;142;1408
0.013207176700234413;1;143;1409
0.057358067482709885;1;144;1410
0.07651972770690918;1;145;1411
0.06711960583925247;1;146;1412
0.07107919454574585;1;147;1413
0.03922312334179878;1;148;1414
0.013302769511938095;1;149;1415
0.021787326782941818;1;150;1416
0.23409442603588104;1;151;1417
0.051253147423267365;1;152;1418
0.022238217294216156;1;153;1419
0.035043735057115555;1;154;1420
0.004409041255712509;1;155;1421
0.004157903604209423;1;156;1422
0.03982023522257805;1;157;1423
0.004172093700617552;1;158;1424
0.0071349116042256355;1;159;1425
0.005845642648637295;1;160;1426
0.006260351277887821;1;161;1427
0.005704871378839016;1;162;1428
0.012311260215938091;1;163;1429
0.06032006815075874;1;164;1430
0.028090104460716248;1;165;1431
0.2037716507911682;1;166;1432
0.06479965150356293;1;167;1433
0.1437004804611206;1;168;1434
0.29380667209625244;1;169;1435
0.006079339422285557;1;170;1436
0.018381591886281967;1;171;1437
0.01876332238316536;1;172;1438
0.11197130382061005;1;173;1439
0.027720151469111443;1;174;1440
0.5325313210487366;1;175;1441
0.12913280725479126;1;176;1442
0.017183104529976845;1;177;1443
0.0049721794202923775;1;178;1444
0.006216161884367466;1;179;1445
0.011118387803435326;1;180;1446
0.011375728994607925;1;181;1447
0.037145789712667465;1;182;1448
0.02810971811413765;1;183;1449
0.12426823377609253;1;184;1450
0.15462690591812134;1;185;1451
0.003158827545121312;1;186;1452
0.04599103331565857;1;187;1453
0.04422738403081894;1;188;1454
0.03143879398703575;1;189;1455
0.06803224235773087;1;190;1456
0.024824749678373337;1;191;1457
0.033841345459222794;1;192;1458
0.015907766297459602;1;193;1459
0.049105651676654816;1;194;1460
0.028499552980065346;1;195;1461
0.02451055683195591;1;196;1462
0.05184166133403778;1;197;1463
0.041559938341379166;1;198;1464
0.03210633993148804;1;199;1465
0.13432827591896057;1;200;1466
0.013767151162028313;1;201;1467
0.03156222403049469;1;202;1468
0.0831349566578865;1;203;1469
0.005687023978680372;1;204;1470
0.08405192941427231;1;205;1471
0.012939270585775375;1;206;1472
0.13564620912075043;1;207;1473
0.05433949455618858;1;208;1474
0.05542932078242302;1;209;1475
0.03653794527053833;1;210;1476
0.03337264060974121;1;211;1477
0.016726497560739517;1;212;1478
0.28302839398384094;1;213;1479
0.0486457385122776;1;214;1480
0.016694925725460052;1;215;1481
0.05132902413606644;1;216;1482
0.005924916360527277;1;217;1483
0.05320947617292404;1;218;1484
0.0040613445453345776;1;219;1485
0.3595978617668152;1;220;1486
0.0028535565361380577;1;221;1487
0.006084292195737362;1;222;1488
0.1261233687400818;1;223;1489
0.24567624926567078;1;224;1490
0.004104170482605696;1;225;1491
0.005663188640028238;1;226;1492
0.15375939011573792;1;227;1493
0.01099354401230812;1;228;1494
0.004000008571892977;1;229;1495
0.07044371962547302;1;230;1496
0.11275412142276764;1;231;1497
0.09188766777515411;1;232;1498
0.03157548978924751;1;233;1499
0.20383839309215546;1;234;1500
0.06641608476638794;1;235;1501
0.2277117371559143;1;236;1502
0.020889438688755035;1;237;1503
0.00973969791084528;1;238;1504
0.05814860016107559;1;239;1505
0.12096759676933289;1;240;1506
0.085235096514225;1;241;1507
0.05628696829080582;1;242;1508
0.013275607489049435;1;243;1509
0.00981942005455494;1;244;1510
0.12521837651729584;1;245;1511
0.19348549842834473;1;246;1512
0.030587170273065567;1;247;1513
0.02406945824623108;1;248;1514
0.07395701110363007;1;249;1515
0.01401577703654766;1;250;1516
0.041784241795539856;1;251;1517
0.03853212296962738;1;252;1518
0.12953636050224304;1;253;1519
0.008191382512450218;1;254;1520
0.0027748248539865017;1;255;1521
0.08268187940120697;1;256;1522
0.012454990297555923;1;257;1523
0.01461751852184534;1;258;1524
0.03224777802824974;1;259;1525
0.002787199802696705;1;260;1526
0.10431099683046341;1;261;1527
0.04366728663444519;1;262;1528
0.018949715420603752;1;263;1529
0.06842071563005447;1;264;1530
0.0017322340281680226;1;265;1531
0.06054329872131348;1;266;1532
0.06779490411281586;1;267;1533
0.005232673604041338;1;268;1534
0.265447735786438;1;269;1535
0.011829257011413574;1;270;1536
0.18806695938110352;1;271;1537
0.05383102595806122;1;272;1538
0.06613972783088684;1;273;1539
0.03321661055088043;1;274;1540
0.019110294058918953;1;275;1541
0.01370222307741642;1;276;1542
0.1226370558142662;1;277;1543
0.18966537714004517;1;278;1544
0.2064175009727478;1;279;1545
0.1190733015537262;1;280;1546
0.09996242821216583;1;281;1547
0.022494785487651825;1;282;1548
0.032009802758693695;1;283;1549
0.293149471282959;1;284;1550
0.06319604814052582;1;285;1551
0.013034913688898087;1;286;1552
0.0320136696100235;1;287;1553
0.034608837217092514;1;288;1554
0.023735616356134415;1;289;1555
0.05026489496231079;1;290;1556
0.005147580988705158;1;291;1557
0.051031261682510376;1;292;1558
0.0030542854219675064;1;293;1559
0.0377306193113327;1;294;1560
0.007729239761829376;1;295;1561
0.12603776156902313;1;296;1562
0.07419076561927795;1;297;1563
0.37245503067970276;1;298;1564
0.023386146873235703;1;299;1565
0.9979206323623657;1;300;1566
0.053062912076711655;1;301;1567
0.13552063703536987;1;302;1568
0.11788222938776016;1;303;1569
0.06972488760948181;1;304;1570
0.19103442132472992;1;305;1571
0.07775208353996277;1;306;1572
0.05158405750989914;1;307;1573
0.009215849451720715;1;308;1574
0.002226640935987234;1;309;1575
0.0065792398527264595;1;310;1576
0.19598039984703064;1;311;1577
0.08769486844539642;1;312;1578
0.01739097200334072;1;313;1579
0.3649410605430603;1;314;1580
0.026196841150522232;1;315;1581
0.10571615397930145;1;316;1582
0.012913414277136326;1;317;1583
0.003975313622504473;1;318;1584
0.1552174985408783;1;319;1585
0.16300490498542786;1;320;1586
0.019564548507332802;1;321;1587
0.0037877133581787348;1;322;1588
0.11544670164585114;1;323;1589
0.012213404290378094;1;324;1590
0.005762118846178055;1;325;1591
0.012264242395758629;1;326;1592
0.010814663022756577;1;327;1593
0.03854839503765106;1;328;1594
0.013213206082582474;1;329;1595
0.02472902461886406;1;330;1596
0.019321374595165253;1;331;1597
0.0404379665851593;1;332;1598
0.04691886156797409;1;333;1599
0.38381966948509216;1;334;1600
0.0019217085791751742;1;335;1601
0.033483173698186874;1;336;1602
0.008158953860402107;1;337;1603
0.014366015791893005;1;338;1604
0.0026527782902121544;1;339;1605
0.02158111147582531;1;340;1606
0.08890189975500107;1;341;1607
0.024808453395962715;1;342;1608
0.005964561365544796;1;343;1609
0.08829811960458755;1;344;1610
0.04702344164252281;1;345;1611
0.07811382412910461;1;346;1612
0.07360459119081497;1;347;1613
0.1647692322731018;1;348;1614
0.3226518929004669;1;349;1615
0.004152211826294661;1;350;1616
0.01876860298216343;1;351;1617
0.07418758422136307;1;352;1618
0.22608909010887146;1;353;1619
0.03478280454874039;1;354;1620
0.4274645149707794;1;355;1621
0.00358637236058712;1;356;1622
0.11400167644023895;1;357;1623
0.006709960754960775;1;358;1624
0.0404440239071846;1;359;1625
0.09726759046316147;1;360;1626
0.16563016176223755;1;361;1627
0.05248596519231796;1;362;1628
0.37798577547073364;1;363;1629
0.007314729504287243;1;364;1630
0.055409353226423264;1;365;1631
0.06824739277362823;1;366;1632
0.12100125849246979;1;367;1633
0.07585276663303375;1;368;1634
0.012202238664031029;1;369;1635
0.14117486774921417;1;370;1636
0.002396292518824339;1;371;1637
0.16119571030139923;1;372;1638
0.04934391379356384;1;373;1639
0.01363222673535347;1;374;1640
0.0025826941709965467;1;375;1641
0.0017525905277580023;1;376;1642
0.04939479008316994;1;377;1643
0.05549020320177078;1;378;1644
0.07097877562046051;1;379;1645
0.16812923550605774;1;380;1646
0.13192671537399292;1;381;1647
1.012091875076294;1;382;1648
0.17871104180812836;1;383;1649
0.00834638811647892;1;384;1650
0.25120818614959717;1;385;1651
0.029638323932886124;1;386;1652
0.013830246403813362;1;387;1653
0.03140128403902054;1;388;1654
0.0183737650513649;1;389;1655
0.10446087270975113;1;390;1656
0.01768708974123001;1;391;1657
0.02239970862865448;1;392;1658
0.05473737418651581;1;393;1659
0.2158478945493698;1;394;1660
0.040088824927806854;1;395;1661
0.36317411065101624;1;396;1662
0.0022723220754414797;1;397;1663
0.06173847243189812;1;398;1664
0.03388277813792229;1;399;1665
0.19890433549880981;1;400;1666
0.11244562268257141;1;401;1667
0.012602545320987701;1;402;1668
0.13149969279766083;1;403;1669
0.012749239802360535;1;404;1670
0.9348678588867188;1;405;1671
0.03562265262007713;1;406;1672
0.009640786796808243;1;407;1673
0.09172096848487854;1;408;1674
0.0394054651260376;1;409;1675
0.009730933234095573;1;410;1676
0.09043804556131363;1;411;1677
0.014731883071362972;1;412;1678
0.017358925193548203;1;413;1679
0.015040943399071693;1;414;1680
0.010768582113087177;1;415;1681
0.09347429871559143;1;416;1682
0.13568644225597382;1;417;1683
0.4095957279205322;1;418;1684
0.038803063333034515;1;419;1685
0.04053293168544769;1;420;1686
0.01045068446546793;1;421;1687
0.04100504890084267;1;422;1688
0.31299617886543274;1;423;1689
0.07148829847574234;1;424;1690
0.011252423748373985;1;425;1691
0.005714809522032738;1;426;1692
0.16552236676216125;1;427;1693
0.06456407159566879;1;428;1694
0.009935629554092884;1;429;1695
0.01503171119838953;1;430;1696
0.027870215475559235;1;431;1697
0.016142452135682106;1;432;1698
0.06840293854475021;1;433;1699
0.03314307704567909;1;434;1700
0.1281069815158844;1;435;1701
0.029289525002241135;1;436;1702
0.11837653070688248;1;437;1703
0.02959112636744976;1;438;1704
0.330036997795105;1;439;1705
0.04572514817118645;1;440;1706
0.019772496074438095;1;441;1707
0.023316483944654465;1;442;1708
0.002813873812556267;1;443;1709
0.1371239274740219;1;444;1710
0.06282410770654678;1;445;1711
0.022359518334269524;1;446;1712
0.08665427565574646;1;447;1713
0.028988376259803772;1;448;1714
0.6595218181610107;1;449;1715
0.021540053188800812;1;450;1716
0.018992982804775238;1;451;1717
0.018177499994635582;1;452;1718
0.005273711867630482;1;453;1719
0.017310259863734245;1;454;1720
0.7153360843658447;1;455;1721
0.0025706482119858265;1;456;1722
0.002512565115466714;1;457;1723
0.848077654838562;1;458;1724
0.051094088703393936;1;459;1725
0.14734001457691193;1;460;1726
0.02646542899310589;1;461;1727
0.1198108047246933;1;462;1728
0.10495369136333466;1;463;1729
0.10622802376747131;1;464;1730
0.00568075617775321;1;465;1731
0.08658390492200851;1;466;1732
0.002110355533659458;1;467;1733
0.0610911026597023;1;468;1734
0.0051106419414281845;1;469;1735
0.02241518348455429;1;470;1736
0.003709282958880067;1;471;1737
0.028827441856265068;1;472;1738
0.0024753380566835403;1;473;1739
0.00811817403882742;1;474;1740
0.2011730670928955;1;475;1741
0.036518644541502;1;476;1742
0.00459258584305644;1;477;1743
0.059773124754428864;1;478;1744
0.006738252937793732;1;479;1745
0.1072196215391159;1;480;1746
0.014669337309896946;1;481;1747
0.17226341366767883;1;482;1748
0.2810749411582947;1;483;1749
0.029227690771222115;1;484;1750
0.019524190574884415;1;485;1751
0.07878735661506653;1;486;1752
0.003586648730561137;1;487;1753
0.08066551387310028;1;488;1754
0.057219576090574265;1;489;1755
0.03057943284511566;1;490;1756
0.20222078263759613;1;491;1757
0.025419877842068672;1;492;1758
0.13305222988128662;1;493;1759
0.28265905380249023;1;494;1760
0.41068270802497864;1;495;1761
0.0519321970641613;1;496;1762
0.02900504693388939;1;497;1763
0.029266059398651123;1;498;1764
0.06601455807685852;1;499;1765
0.054096970707178116;1;500;1766
0.1428031176328659;1;501;1767
0.13631470501422882;1;502;1768
0.020740346983075142;1;503;1769
0.027666347101330757;1;504;1770
0.026424305513501167;1;505;1771
0.021219056099653244;1;506;1772
0.004203356336802244;1;507;1773
0.03235974907875061;1;508;1774
0.01127193309366703;1;509;1775
0.029595833271741867;1;510;1776
0.018034163862466812;1;511;1777
0.006283577065914869;1;512;1778
0.002446088008582592;1;513;1779
0.15064449608325958;1;514;1780
0.021788638085126877;1;515;1781
0.10315927118062973;1;516;1782
0.10439230501651764;1;517;1783
0.0014496475923806429;1;518;1784
0.029177486896514893;1;519;1785
0.048621319234371185;1;520;1786
0.15851996839046478;1;521;1787
0.2458927035331726;1;522;1788
0.13220077753067017;1;523;1789
0.24540649354457855;1;524;1790
0.11475060880184174;1;525;1791
0.042140088975429535;1;526;1792
0.048780407756567;1;527;1793
0.012314196676015854;1;528;1794
0.2174183875322342;1;529;1795
0.0877474769949913;1;530;1796
0.019452020525932312;1;531;1797
0.29642948508262634;1;532;1798
0.042632393538951874;1;533;1799
0.06423081457614899;1;534;1800
0.008082684129476547;1;535;1801
0.01605113223195076;1;536;1802
0.04050547629594803;1;537;1803
0.023124709725379944;1;538;1804
0.02560894750058651;1;539;1805
0.08613010495901108;1;540;1806
0.004615072626620531;1;541;1807
0.011793021112680435;1;542;1808
0.006054196506738663;1;543;1809
1.1465637683868408;1;544;1810
0.006663622334599495;1;545;1811
0.03305745869874954;1;546;1812
0.09373275935649872;1;547;1813
0.03892488032579422;1;548;1814
0.10002372413873672;1;549;1815
0.04250480979681015;1;550;1816
0.06488534063100815;1;551;1817
0.020237969234585762;1;552;1818
0.004050709772855043;1;553;1819
0.041958410292863846;1;554;1820
0.07441070675849915;1;555;1821
0.08237698674201965;1;556;1822
0.13624969124794006;1;557;1823
0.6114339828491211;1;558;1824
0.06834229081869125;1;559;1825
0.20070865750312805;1;560;1826
0.04700196534395218;1;561;1827
0.014999499544501305;1;562;1828
0.05317556858062744;1;563;1829
0.0022035567089915276;1;564;1830
0.10716105997562408;1;565;1831
0.1045440286397934;1;566;1832
0.057293906807899475;1;567;1833
0.017615851014852524;1;568;1834
0.06061483174562454;1;569;1835
0.18663695454597473;1;570;1836
0.20357154309749603;1;571;1837
0.020949451252818108;1;572;1838
0.08191858232021332;1;573;1839
0.02714591473340988;1;574;1840
0.06518363952636719;1;575;1841
0.024025948718190193;1;576;1842
0.010666759684681892;1;577;1843
0.16940993070602417;1;578;1844
0.14660555124282837;1;579;1845
0.04135134071111679;1;580;1846
0.03829926252365112;1;581;1847
0.010860592126846313;1;582;1848
0.016035176813602448;1;583;1849
0.05178925767540932;1;584;1850
0.04925766587257385;1;585;1851
0.06366144120693207;1;586;1852
0.10288851708173752;1;587;1853
0.057432517409324646;1;588;1854
0.05385680869221687;1;589;1855
0.006462123245000839;1;590;1856
0.028613068163394928;1;591;1857
0.03724813461303711;1;592;1858
0.5731891989707947;1;593;1859
0.019380033016204834;1;594;1860
0.00938786007463932;1;595;1861
0.004853860475122929;1;596;1862
0.09883324056863785;1;597;1863
0.048187993466854095;1;598;1864
0.061185434460639954;1;599;1865
0.02884795144200325;1;600;1866
0.07385990023612976;1;601;1867
0.006095444783568382;1;602;1868
0.039191532880067825;1;603;1869
0.09547312557697296;1;604;1870
0.008417731150984764;1;605;1871
0.018934203311800957;1;606;1872
0.11221744120121002;1;607;1873
0.0076478407718241215;1;608;1874
0.0018894828390330076;1;609;1875
0.0014558107359334826;1;610;1876
0.013467046432197094;1;611;1877
0.0342140719294548;1;612;1878
0.11137565970420837;1;613;1879
0.07246477901935577;1;614;1880
0.0031139380298554897;1;615;1881
0.11785714328289032;1;616;1882
0.0032597468234598637;1;617;1883
0.012586699798703194;1;618;1884
0.003258604323491454;1;619;1885
1.1978169679641724;1;620;1886
0.013139516115188599;1;621;1887
0.8502909541130066;1;622;1888
0.0401829332113266;1;623;1889
0.004409101791679859;1;624;1890
0.02467825822532177;1;625;1891
0.10802585631608963;1;626;1892
0.10744442045688629;1;627;1893
0.011822653003036976;1;628;1894
0.0822056382894516;1;629;1895
0.07902976870536804;1;630;1896
0.004871634766459465;1;631;1897
0.45175161957740784;1;632;1898
0.02482122927904129;1;633;1899
1.6345478296279907;1;634;1900
0.3292413651943207;1;635;1901
0.2097804844379425;1;636;1902
0.050710491836071014;1;637;1903
0.02461680769920349;1;638;1904
0.0055722082033753395;1;639;1905
0.015603350475430489;1;640;1906
0.028289038687944412;1;641;1907
0.03179647773504257;1;642;1908
0.00640313234180212;1;643;1909
0.03588941693305969;1;644;1910
0.00432842131704092;1;645;1911
0.0043108463287353516;1;646;1912
0.265896201133728;1;647;1913
0.013871414586901665;1;648;1914
0.020427534356713295;1;649;1915
0.010889693163335323;1;650;1916
0.11370386928319931;1;651;1917
0.16512300074100494;1;652;1918
0.009174240753054619;1;653;1919
0.2687137722969055;1;654;1920
0.005199989303946495;1;655;1921
0.0025219987146556377;1;656;1922
0.15634892880916595;1;657;1923
0.09791829437017441;1;658;1924
0.005793323740363121;1;659;1925
0.06572629511356354;1;660;1926
0.020847802981734276;1;661;1927
0.006634609308093786;1;662;1928
0.16052520275115967;1;663;1929
0.040445443242788315;1;664;1930
0.00255479640327394;1;665;1931
0.004258258268237114;1;666;1932
0.050604477524757385;1;667;1933
0.014556721784174442;1;668;1934
0.08496133983135223;1;669;1935
0.01147749088704586;1;670;1936
0.22586920857429504;1;671;1937
0.08927973359823227;1;672;1938
0.0018292998429387808;1;673;1939
0.001412808196619153;1;674;1940
0.04986605420708656;1;675;1941
0.06709932535886765;1;676;1942
0.0021776575595140457;1;677;1943
0.015479602850973606;1;678;1944
0.12053407728672028;1;679;1945
0.42131945490837097;1;680;1946
0.01910482347011566;1;681;1947
0.014571609906852245;1;682;1948
0.1761360764503479;1;683;1949
0.007231343537569046;1;684;1950
0.04651728272438049;1;685;1951
0.004752748645842075;1;686;1952
0.2099103182554245;1;687;1953
0.03931935504078865;1;688;1954
0.007476628292351961;1;689;1955
0.1424291580915451;1;690;1956
0.4202692210674286;1;691;1957
0.007719612680375576;1;692;1958
0.20777861773967743;1;693;1959
0.011174483224749565;1;694;1960
0.04712710902094841;1;695;1961
0.08077672123908997;1;696;1962
0.05166809260845184;1;697;1963
0.01664678007364273;1;698;1964
0.0020202244631946087;1;699;1965
0.057734884321689606;1;700;1966
0.01336431223899126;1;701;1967
0.023183967918157578;1;702;1968
0.05099854990839958;1;703;1969
0.14768372476100922;1;704;1970
0.0079419557005167;1;705;1971
0.07159282267093658;1;706;1972
0.463214635848999;1;707;1973
0.06464961916208267;1;708;1974
0.008589889854192734;1;709;1975
0.0040524364449083805;1;710;1976
0.0807315930724144;1;711;1977
0.012631837278604507;1;712;1978
0.07952059060335159;1;713;1979
0.010138098150491714;1;714;1980
0.040955498814582825;1;715;1981
0.08585822582244873;1;716;1982
0.010593988001346588;1;717;1983
0.09830907732248306;1;718;1984
0.4128212332725525;1;719;1985
0.13674573600292206;1;720;1986
0.042414866387844086;1;721;1987
0.01798454485833645;1;722;1988
0.18930932879447937;1;723;1989
0.30727583169937134;1;724;1990
0.04141294211149216;1;725;1991
0.03322046995162964;1;726;1992
0.0025320977438241243;1;727;1993
0.12599284946918488;1;728;1994
0.7042006254196167;1;729;1995
0.01518242247402668;1;730;1996
0.03131713345646858;1;731;1997
0.005939748603850603;1;732;1998
0.06689506024122238;1;733;1999
0.046384453773498535;1;734;2000
0.007016846910119057;1;735;2001
0.018630441278219223;1;736;2002
0.008986453525722027;1;737;2003
0.0056000095792114735;1;738;2004
0.004669600632041693;1;739;2005
0.005758801009505987;1;740;2006
0.00913163647055626;1;741;2007
0.00703410292044282;1;742;2008
0.012754647061228752;1;743;2009
0.8261957764625549;1;744;2010
0.05985574796795845;1;745;2011
0.34627124667167664;1;746;2012
0.09839259088039398;1;747;2013
0.010885940864682198;1;748;2014
0.06347474455833435;1;749;2015
0.0969885066151619;1;750;2016
0.1612364500761032;1;751;2017
0.07899685949087143;1;752;2018
0.24282753467559814;1;753;2019
0.05691801756620407;1;754;2020
0.0035339375026524067;1;755;2021
0.013585536740720272;1;756;2022
0.06750108301639557;1;757;2023
0.001269776839762926;1;758;2024
0.004900353029370308;1;759;2025
0.03546551242470741;1;760;2026
0.03823966160416603;1;761;2027
0.08692682534456253;1;762;2028
0.051969870924949646;1;763;2029
0.015258962288498878;1;764;2030
0.16395306587219238;1;765;2031
0.00736892968416214;1;766;2032
0.017530621960759163;1;767;2033
0.008027072064578533;1;768;2034
0.07218974828720093;1;769;2035
0.009313691407442093;1;770;2036
0.00866101123392582;1;771;2037
0.0771288275718689;1;772;2038
0.05676288902759552;1;773;2039
0.022669747471809387;1;774;2040
0.03108021803200245;1;775;2041
0.05966973677277565;1;776;2042
0.14566433429718018;1;777;2043
0.20345841348171234;1;778;2044
0.0969826802611351;1;779;2045
0.2116924375295639;1;780;2046
0.02061660774052143;1;781;2047
0.05750264972448349;1;782;2048
0.032372888177633286;1;783;2049
0.007013092748820782;1;784;2050
0.11905910074710846;1;785;2051
0.0017718729795888066;1;786;2052
0.25895169377326965;1;787;2053
0.030093297362327576;1;788;2054
0.025332381948828697;1;789;2055
0.12453524023294449;1;790;2056
0.2893269658088684;1;791;2057
0.05257503688335419;1;792;2058
0.020613158121705055;1;793;2059
0.01788906939327717;1;794;2060
0.03688260167837143;1;795;2061
0.013701867312192917;1;796;2062
0.0015590859111398458;1;797;2063
0.0027102255262434483;1;798;2064
0.07954291999340057;1;799;2065
0.008767975494265556;1;800;2066
0.01004362478852272;1;801;2067
0.003288774285465479;1;802;2068
0.019570324569940567;1;803;2069
0.12634286284446716;1;804;2070
0.1510121077299118;1;805;2071
0.2878277897834778;1;806;2072
0.13432428240776062;1;807;2073
0.0021055201068520546;1;808;2074
0.026673633605241776;1;809;2075
0.10168656706809998;1;810;2076
0.04164284095168114;1;811;2077
0.004321518819779158;1;812;2078
0.016010120511054993;1;813;2079
0.027716614305973053;1;814;2080
0.24975252151489258;1;815;2081
0.13895347714424133;1;816;2082
0.062329985201358795;1;817;2083
0.014773134142160416;1;818;2084
0.03633517026901245;1;819;2085
0.056288883090019226;1;820;2086
0.0017326436936855316;1;821;2087
0.04076188802719116;1;822;2088
0.030591703951358795;1;823;2089
0.02492412179708481;1;824;2090
0.01353628933429718;1;825;2091
0.0045204758644104;1;826;2092
0.001477058744058013;1;827;2093
0.050807058811187744;1;828;2094
0.0017675473354756832;1;829;2095
0.10437503457069397;1;830;2096
0.006543046794831753;1;831;2097
0.06793850660324097;1;832;2098
0.4401196539402008;1;833;2099
0.001612928812392056;1;834;2100
0.0024096579290926456;1;835;2101
0.7877950668334961;1;836;2102
0.1409047245979309;1;837;2103
0.004662437364459038;1;838;2104
0.0915825292468071;1;839;2105
0.011667747981846333;1;840;2106
0.003653930965811014;1;841;2107
0.0012448872439563274;1;842;2108
0.1355975866317749;1;843;2109
0.02400140091776848;1;844;2110
0.09306454658508301;1;845;2111
0.03648219257593155;1;846;2112
0.0013721217401325703;1;847;2113
0.1011093407869339;1;848;2114
1.0132198333740234;1;849;2115
0.014056447893381119;1;850;2116
0.016673490405082703;1;851;2117
0.10414650291204453;1;852;2118
0.00455025490373373;1;853;2119
0.02145574241876602;1;854;2120
0.006094498559832573;1;855;2121
0.26106277108192444;1;856;2122
0.10174347460269928;1;857;2123
0.002096465090289712;1;858;2124
0.15418508648872375;1;859;2125
0.045948904007673264;1;860;2126
0.0066575659438967705;1;861;2127
0.010447926819324493;1;862;2128
0.07459956407546997;1;863;2129
0.0342826172709465;1;864;2130
0.02919040247797966;1;865;2131
0.013108069077134132;1;866;2132
0.03176170587539673;1;867;2133
0.09939135611057281;1;868;2134
0.006768223829567432;1;869;2135
0.010055167600512505;1;870;2136
0.024464424699544907;1;871;2137
0.015835193917155266;1;872;2138
0.06503687053918839;1;873;2139
0.022394178435206413;1;874;2140
0.009680471383035183;1;875;2141
0.10357679426670074;1;876;2142
0.01140790618956089;1;877;2143
0.015794793143868446;1;878;2144
0.11647344380617142;1;879;2145
0.00879545509815216;1;880;2146
0.13197313249111176;1;881;2147
0.03336696699261665;1;882;2148
0.021181490272283554;1;883;2149
0.007449219934642315;1;884;2150
0.12655526399612427;1;885;2151
0.022651437669992447;1;886;2152
0.007458701729774475;1;887;2153
0.0679444968700409;1;888;2154
0.0033404340501874685;1;889;2155
0.022434672340750694;1;890;2156
0.6100029945373535;1;891;2157
0.08163724094629288;1;892;2158
0.0641341283917427;1;893;2159
0.029117170721292496;1;894;2160
0.20832321047782898;1;895;2161
0.0007644465658813715;1;896;2162
0.0016100526554509997;1;897;2163
0.002396286465227604;1;898;2164
0.06089874356985092;1;899;2165
0.005331744905561209;1;900;2166
0.011735772714018822;1;901;2167
0.018993087112903595;1;902;2168
0.25243625044822693;1;903;2169
0.01726551167666912;1;904;2170
0.21144163608551025;1;905;2171
0.00882662646472454;1;906;2172
0.021168258041143417;1;907;2173
0.10239512473344803;1;908;2174
0.039295829832553864;1;909;2175
0.0067884959280490875;1;910;2176
0.009946669451892376;1;911;2177
0.0046201166696846485;1;912;2178
0.03075985796749592;1;913;2179
0.016244614496827126;1;914;2180
0.04056013375520706;1;915;2181
0.00477250199764967;1;916;2182
0.007973112165927887;1;917;2183
0.01803479716181755;1;918;2184
0.06317050755023956;1;919;2185
0.0011148529592901468;1;920;2186
0.3204367160797119;1;921;2187
0.008018996566534042;1;922;2188
0.14495553076267242;1;923;2189
0.006146235391497612;1;924;2190
0.012346722185611725;1;925;2191
0.0035463329404592514;1;926;2192
0.04833996295928955;1;927;2193
0.1066678911447525;1;928;2194
0.001300145871937275;1;929;2195
0.033448025584220886;1;930;2196
0.051044151186943054;1;931;2197
0.0012331833131611347;1;932;2198
0.002730109728872776;1;933;2199
1.0338428020477295;1;934;2200
1.13284170627594;1;935;2201
0.029977988451719284;1;936;2202
0.03410477936267853;1;937;2203
0.030975934118032455;1;938;2204
0.002683893544599414;1;939;2205
0.08581313490867615;1;940;2206
0.01876293495297432;1;941;2207
0.08989608287811279;1;942;2208
0.6237358450889587;1;943;2209
0.03668783977627754;1;944;2210
0.0014882341492921114;1;945;2211
0.003650426398962736;1;946;2212
0.02944815158843994;1;947;2213
0.004284313414245844;1;948;2214
0.16990233957767487;1;949;2215
0.04778572916984558;1;950;2216
0.011148781515657902;1;951;2217
0.009905362501740456;1;952;2218
0.4181417226791382;1;953;2219
0.05615382641553879;1;954;2220
0.10064612329006195;1;955;2221
0.019231196492910385;1;956;2222
0.011394888162612915;1;957;2223
0.541489839553833;1;958;2224
0.058562181890010834;1;959;2225
0.0022087052930146456;1;960;2226
0.21900102496147156;1;961;2227
0.17252400517463684;1;962;2228
0.12716686725616455;1;963;2229
0.26186972856521606;1;964;2230
0.005766613408923149;1;965;2231
0.17341454327106476;1;966;2232
0.27755263447761536;1;967;2233
0.026093877851963043;1;968;2234
0.09829221665859222;1;969;2235
0.006071384996175766;1;970;2236
0.008595295250415802;1;971;2237
0.006398496218025684;1;972;2238
0.01220120768994093;1;973;2239
0.007960888557136059;1;974;2240
0.15735088288784027;1;975;2241
0.4758528470993042;1;976;2242
0.04534453898668289;1;977;2243
0.006055180914700031;1;978;2244
0.019980929791927338;1;979;2245
0.004649203736335039;1;980;2246
0.024470526725053787;1;981;2247
0.15816374123096466;1;982;2248
0.06191439926624298;1;983;2249
0.02362765744328499;1;984;2250
0.014934053644537926;1;985;2251
0.03000911884009838;1;986;2252
0.026294253766536713;1;987;2253
0.0012549825478345156;1;988;2254
0.12658117711544037;1;989;2255
0.046290695667266846;1;990;2256
0.0960235595703125;1;991;2257
0.010407104156911373;1;992;2258
0.08706603944301605;1;993;2259
0.007194008678197861;1;994;2260
0.01090182177722454;1;995;2261
0.17797216773033142;1;996;2262
0.019428938627243042;1;997;2263
0.043846722692251205;1;998;2264
0.010119562037289143;1;999;2265
0.27835509181022644;1;1000;2266
0.14811374247074127;1;1001;2267
0.023371584713459015;1;1002;2268
0.001447540009394288;1;1003;2269
0.06026202440261841;1;1004;2270
0.07628564536571503;1;1005;2271
0.026241719722747803;1;1006;2272
0.023515423759818077;1;1007;2273
0.015987491235136986;1;1008;2274
0.04460839182138443;1;1009;2275
0.013052680529654026;1;1010;2276
0.20774582028388977;1;1011;2277
0.032627902925014496;1;1012;2278
0.033606305718421936;1;1013;2279
0.003918263129889965;1;1014;2280
0.0012109174858778715;1;1015;2281
0.011182899586856365;1;1016;2282
0.05646437406539917;1;1017;2283
0.06744065880775452;1;1018;2284
0.07771683484315872;1;1019;2285
0.09137023240327835;1;1020;2286
0.005956599488854408;1;1021;2287
0.02184251695871353;1;1022;2288
0.3989461362361908;1;1023;2289
0.016088053584098816;1;1024;2290
0.005768946371972561;1;1025;2291
0.041730847209692;1;1026;2292
0.14368849992752075;1;1027;2293
0.16586172580718994;1;1028;2294
0.012093482539057732;1;1029;2295
0.011969245970249176;1;1030;2296
0.01913544163107872;1;1031;2297
0.016221333295106888;1;1032;2298
0.09364581108093262;1;1033;2299
0.023419836536049843;1;1034;2300
0.7767260670661926;1;1035;2301
0.03680054470896721;1;1036;2302
0.022894542664289474;1;1037;2303
0.3116445243358612;1;1038;2304
0.030306654050946236;1;1039;2305
0.02302551083266735;1;1040;2306
0.008964077569544315;1;1041;2307
0.02038843370974064;1;1042;2308
0.08894895017147064;1;1043;2309
0.622889518737793;1;1044;2310
0.005275077652186155;1;1045;2311
0.08218517154455185;1;1046;2312
0.02884058840572834;1;1047;2313
0.005543414503335953;1;1048;2314
0.13934892416000366;1;1049;2315
0.16906383633613586;1;1050;2316
0.015455236658453941;1;1051;2317
0.6134199500083923;1;1052;2318
1.2625317573547363;1;1053;2319
0.0013126080157235265;1;1054;2320
0.008426199667155743;1;1055;2321
0.002252876525744796;1;1056;2322
0.047845661640167236;1;1057;2323
0.1285376250743866;1;1058;2324
0.09087836742401123;1;1059;2325
0.014667638577520847;1;1060;2326
0.0009156377054750919;1;1061;2327
0.028462480753660202;1;1062;2328
0.01645476743578911;1;1063;2329
0.06337728351354599;1;1064;2330
0.06754176318645477;1;1065;2331
0.003284076228737831;1;1066;2332
0.05201123654842377;1;1067;2333
0.020369483157992363;1;1068;2334
0.1213163286447525;1;1069;2335
0.05308602750301361;1;1070;2336
0.05123893916606903;1;1071;2337
0.01399451307952404;1;1072;2338
0.9805511236190796;1;1073;2339
0.004258424509316683;1;1074;2340
0.08997152000665665;1;1075;2341
0.136592298746109;1;1076;2342
0.053131476044654846;1;1077;2343
0.002545578870922327;1;1078;2344
0.003932873718440533;1;1079;2345
0.05413023382425308;1;1080;2346
0.003955584950745106;1;1081;2347
0.02013314515352249;1;1082;2348
0.002240720670670271;1;1083;2349
0.06488723307847977;1;1084;2350
0.032559171319007874;1;1085;2351
0.07084537297487259;1;1086;2352
0.0029273040127009153;1;1087;2353
0.01579156145453453;1;1088;2354
0.011057175695896149;1;1089;2355
0.29168909788131714;1;1090;2356
0.06310530006885529;1;1091;2357
0.14728030562400818;1;1092;2358
0.013169539161026478;1;1093;2359
0.01203327439725399;1;1094;2360
0.10390810668468475;1;1095;2361
0.01966691203415394;1;1096;2362
0.0020270461682230234;1;1097;2363
0.1289578527212143;1;1098;2364
0.011599008925259113;1;1099;2365
0.0147156473249197;1;1100;2366
0.025913728401064873;1;1101;2367
0.00798717513680458;1;1102;2368
0.014559486880898476;1;1103;2369
0.0020319896284490824;1;1104;2370
0.0017684521153569221;1;1105;2371
0.02910211868584156;1;1106;2372
0.04851821810007095;1;1107;2373
0.004366225562989712;1;1108;2374
0.15730692446231842;1;1109;2375
0.5697692036628723;1;1110;2376
0.06093490123748779;1;1111;2377
0.26660972833633423;1;1112;2378
0.003569846972823143;1;1113;2379
0.025904538109898567;1;1114;2380
0.026801783591508865;1;1115;2381
0.1145363375544548;1;1116;2382
0.07598550617694855;1;1117;2383
0.12437235563993454;1;1118;2384
0.07608656585216522;1;1119;2385
0.0022358535788953304;1;1120;2386
0.0032077692449092865;1;1121;2387
0.0018114756094291806;1;1122;2388
0.001789877307601273;1;1123;2389
0.01271660067141056;1;1124;2390
0.9949188232421875;1;1125;2391
0.12066803127527237;1;1126;2392
0.007068286184221506;1;1127;2393
0.1642373949289322;1;1128;2394
0.22333350777626038;1;1129;2395
0.006592391058802605;1;1130;2396
0.0038039269857108593;1;1131;2397
0.01365567371249199;1;1132;2398
0.12971678376197815;1;1133;2399
0.011002707295119762;1;1134;2400
0.009755877777934074;1;1135;2401
0.052256181836128235;1;1136;2402
0.029743751510977745;1;1137;2403
0.01247443538159132;1;1138;2404
0.017585283145308495;1;1139;2405
0.0025724992156028748;1;1140;2406
0.0033820727840065956;1;1141;2407
0.08548450469970703;1;1142;2408
0.011511812917888165;1;1143;2409
0.15288545191287994;1;1144;2410
0.019642667844891548;1;1145;2411
0.00745381647720933;1;1146;2412
0.05694856867194176;1;1147;2413
0.0062586115673184395;1;1148;2414
0.3617567718029022;1;1149;2415
0.003935443703085184;1;1150;2416
0.005193904507905245;1;1151;2417
0.40796375274658203;1;1152;2418
0.012044316157698631;1;1153;2419
0.10429467260837555;1;1154;2420
0.10319909453392029;1;1155;2421
0.26278847455978394;1;1156;2422
0.020737286657094955;1;1157;2423
0.019143231213092804;1;1158;2424
0.05437783896923065;1;1159;2425
0.005653419066220522;1;1160;2426
0.012535331770777702;1;1161;2427
0.06881911307573318;1;1162;2428
0.005157361272722483;1;1163;2429
0.04376654326915741;1;1164;2430
0.011453300714492798;1;1165;2431
0.005547086242586374;1;1166;2432
0.0713229775428772;1;1167;2433
0.0028303959406912327;1;1168;2434
0.01578373648226261;1;1169;2435
0.030881153419613838;1;1170;2436
0.031119320541620255;1;1171;2437
0.006996311247348785;1;1172;2438
0.05124269053339958;1;1173;2439
0.03061286360025406;1;1174;2440
0.10514102876186371;1;1175;2441
0.5226654410362244;1;1176;2442
0.0031580752693116665;1;1177;2443
0.005671566352248192;1;1178;2444
0.01759900338947773;1;1179;2445
0.0012880770955234766;1;1180;2446
0.005298443138599396;1;1181;2447
0.00855330191552639;1;1182;2448
0.21355830132961273;1;1183;2449
0.026987869292497635;1;1184;2450
0.05022729933261871;1;1185;2451
0.07224024832248688;1;1186;2452
0.05801362171769142;1;1187;2453
0.03685878589749336;1;1188;2454
0.10613099485635757;1;1189;2455
0.017736753448843956;1;1190;2456
0.031186068430542946;1;1191;2457
1.109217882156372;1;1192;2458
0.0019725479651242495;1;1193;2459
0.11301597207784653;1;1194;2460
0.04064542055130005;1;1195;2461
0.03997045010328293;1;1196;2462
0.013629361055791378;1;1197;2463
0.0653771311044693;1;1198;2464
0.004290740471333265;1;1199;2465
0.1063142791390419;1;1200;2466
0.12162169814109802;1;1201;2467
0.014926306903362274;1;1202;2468
0.013004958629608154;1;1203;2469
0.1256243735551834;1;1204;2470
0.10262242704629898;1;1205;2471
0.017153199762105942;1;1206;2472
0.1050637811422348;1;1207;2473
0.014393728226423264;1;1208;2474
0.05474068969488144;1;1209;2475
0.0020962562412023544;1;1210;2476
0.0013535844627767801;1;1211;2477
0.008685213513672352;1;1212;2478
0.17384088039398193;1;1213;2479
0.09922880679368973;1;1214;2480
0.06284578144550323;1;1215;2481
0.004394853487610817;1;1216;2482
0.014055255800485611;1;1217;2483
0.03433063626289368;1;1218;2484
0.006748993881046772;1;1219;2485
0.021082663908600807;1;1220;2486
0.15417608618736267;1;1221;2487
0.11708759516477585;1;1222;2488
0.02787557989358902;1;1223;2489
0.004215753637254238;1;1224;2490
0.005372322164475918;1;1225;2491
0.0024802936241030693;1;1226;2492
0.08541949093341827;1;1227;2493
0.24241015315055847;1;1228;2494
0.4485732316970825;1;1229;2495
0.04891016706824303;1;1230;2496
0.07931594550609589;1;1231;2497
0.06956493109464645;1;1232;2498
0.12611189484596252;1;1233;2499
0.9555553197860718;1;1234;2500
0.07657602429389954;1;1235;2501
0.07486703246831894;1;1236;2502
0.008600568398833275;1;1237;2503
0.21937836706638336;1;1238;2504
0.0038906545378267765;1;1239;2505
0.018442165106534958;1;1240;2506
0.006173284258693457;1;1241;2507
0.032560575753450394;1;1242;2508
0.01416800543665886;1;1243;2509
0.10212583094835281;1;1244;2510
0.08671539276838303;1;1245;2511
0.027336768805980682;1;1246;2512
0.07190854847431183;1;1247;2513
0.0968431755900383;1;1248;2514
0.11245423555374146;1;1249;2515
0.003618381917476654;1;1250;2516
0.007398625370115042;1;1251;2517
0.01610296219587326;1;1252;2518
0.038814447820186615;1;1253;2519
0.024798940867185593;1;1254;2520
0.009978018701076508;1;1255;2521
0.05218052119016647;1;1256;2522
0.08970968425273895;1;1257;2523
0.07152819633483887;1;1258;2524
0.5239506363868713;1;1259;2525
0.08665899187326431;1;1260;2526
0.055670544505119324;1;1261;2527
0.2853471338748932;1;1262;2528
0.11817988753318787;1;1263;2529
0.16578231751918793;1;1264;2530
0.11146161705255508;1;1265;2531
0.06305310875177383;1;1266;2532
